bucket,sample_count,big_loss_rate,avg_next_day_return,worst_next_day_return,false_alarm_count,missed_big_loss_count
low risk,293,0.03754266211604096,0.0007900517654688855,-0.07051351423870533,0,11
neutral risk,270,0.05555555555555555,0.0008804735122140738,-0.07045514967046262,0,15
high risk,35,0.08571428571428572,-0.0008710349701386891,-0.024390352898410628,32,0
extreme risk,0,,,,0,0
