bucket,sample_count,next_day_avg_return,next_day_median_return,direction_hit_rate,direction_hit_rate_ci,worst_next_day_return,best_next_day_return,big_loss_rate
score <= -0.70,0,,,,,,,
-0.70 < score <= -0.35,40,-0.002286625831821665,-0.0014455761264778877,0.6,"{'successes': 24, 'total': 40, 'rate': 0.6, 'lower': 0.44595619827393507, 'upper': 0.7365188938759865}",-0.024390352898410628,0.02428108769263604,0.1
-0.35 < score < 0.35,507,0.000797756271662644,0.0007743755325448909,0.5069033530571992,"{'successes': 257, 'total': 507, 'rate': 0.5069033530571992, 'lower': 0.46349617228007295, 'upper': 0.5502067054808613}",-0.07051351423870533,0.05929575100342732,0.04339250493096647
0.35 <= score < 0.70,50,0.0022184939461000197,-0.0015159823831763508,0.46,"{'successes': 23, 'total': 50, 'rate': 0.46, 'lower': 0.3296943460178264, 'upper': 0.5960136567161192}",-0.023662377167826598,0.08482622266273232,0.06
score >= 0.70,1,0.014804697860234306,0.014804697860234306,1.0,"{'successes': 1, 'total': 1, 'rate': 1.0, 'lower': 0.20654329147389294, 'upper': 1.0}",0.014804697860234306,0.014804697860234306,0.0
