bucket,sample_count,big_loss_rate,avg_next_day_return,worst_next_day_return,false_alarm_count,missed_big_loss_count
low risk,1311,0.06559877955758962,0.0007974112821309741,-0.07051351423870533,0,86
neutral risk,1175,0.07914893617021276,2.9558364163380092e-05,-0.08747704438679538,0,93
high risk,159,0.1320754716981132,-0.003567676653215852,-0.08561401189910944,138,0
extreme risk,1,0.0,-0.004870810167325379,-0.004870810167325379,1,0
